2,Cooking for the Impatient Undergrad,85.0
2,Cooking for the Impatient Undergrad,85.0
2,Cooking for the Impatient Undergrad,85.0
2,Cooking for the Impatient Undergrad,85.0
2,Cooking for the Impatient Undergrad,85.0
2,Cooking for the Impatient Undergrad,85.0
2,Cooking for the Impatient Undergrad,85.0
2,Cooking for the Impatient Undergrad,85.0
2,Cooking for the Impatient Undergrad,85.0
2,Cooking for the Impatient Undergrad,85.0
2,Cooking for the Impatient Undergrad,85.0
2,Cooking for the Impatient Undergrad,85.0
3,How to get a good grade in DOS in 40 minutes a day.,50.0
3,How to get a good grade in DOS in 40 minutes a day.,50.0
3,How to get a good grade in DOS in 40 minutes a day.,50.0
3,How to get a good grade in DOS in 40 minutes a day.,50.0
3,How to get a good grade in DOS in 40 minutes a day.,50.0
3,How to get a good grade in DOS in 40 minutes a day.,50.0
1,Xen and the Art of Surviving Undergraduate School,74.0
3,How to get a good grade in DOS in 40 minutes a day.,50.0
3,How to get a good grade in DOS in 40 minutes a day.,50.0
3,How to get a good grade in DOS in 40 minutes a day.,50.0
1,Xen and the Art of Surviving Undergraduate School,74.0
1,Xen and the Art of Surviving Undergraduate School,74.0
2,Cooking for the Impatient Undergrad,85.0
